SELECT 1;
1
1
SELECT affected_rows;
rows
None
SET @a = 1;
SELECT affected_rows;
rows
0
